location,year,deaths,LEKTIKO
RODOPI REGIONAL UNIT,2016,11,ΠΕΡΙΦΕΡΕΙΑΚΗ ΕΝΟΤΗΤΑ ΡΟΔΟΠ
REGIONAL DRAMA SECTION,2016,5,ΠΕΡΙΦΕΡΕΙΑΚΗ ΕΝΟΤΗΤΑ ΔΡΑΜΑ
REGIONAL UNIT OF EVROS,2016,13,ΠΕΡΙΦΕΡΕΙΑΚΗ ΕΝΟΤΗΤΑ ΕΒΡΟΥ
THASOS REGIONAL UNIT,2016,2,ΠΕΡΙΦΕΡΕΙΑΚΗ ΕΝΟΤΗΤΑ ΘΑΣΟΥ
KAVALAS REGIONAL UNIT,2016,9,ΠΕΡΙΦΕΡΕΙΑΚΗ ΕΝΟΤΗΤΑ ΚΑΒΑΛ
XANTHI REGIONAL UNIT,2016,9,ΠΕΡΙΦΕΡΕΙΑΚΗ ΕΝΟΤΗΤΑ ΞΑΝΘΗ
REGIONAL UNIT OF THESSALONIKI,2016,51,ΠΕΡΙΦΕΡΕΙΑΚΗ ΕΝΟΤΗΤΑ ΘΕΣΣΑ
IMATHIA REGIONAL UNIT,2016,13,ΠΕΡΙΦΕΡΕΙΑΚΗ ΕΝΟΤΗΤΑ ΗΜΑΘΙ
KILKIS REGIONAL UNIT,2016,8,ΠΕΡΙΦΕΡΕΙΑΚΗ ΕΝΟΤΗΤΑ ΚΙΛΚΙ
REGIONAL UNIT OF PELLAS,2016,19,ΠΕΡΙΦΕΡΕΙΑΚΗ ΕΝΟΤΗΤΑ ΠΕΛΛΑ
PIERIA REGIONAL UNIT,2016,9,ΠΕΡΙΦΕΡΕΙΑΚΗ ΕΝΟΤΗΤΑ ΠΙΕΡΙ
REGIONAL UNIT OF SERRA,2016,26,ΠΕΡΙΦΕΡΕΙΑΚΗ ΕΝΟΤΗΤΑ ΣΕΡΡΩ
REGIONAL UNIT OF CHALKIDIKI,2016,18,ΠΕΡΙΦΕΡΕΙΑΚΗ ΕΝΟΤΗΤΑ ΧΑΛΚΙ
REGIONAL UNIT OF KOZANI,2016,6,ΠΕΡΙΦΕΡΕΙΑΚΗ ΕΝΟΤΗΤΑ ΚΟΖΑΝ
REGIONAL UNIT OF GREVENI,2016,4,ΠΕΡΙΦΕΡΕΙΑΚΗ ΕΝΟΤΗΤΑ ΓΡΕΒΕ
KASTORIA REGIONAL UNIT,2016,2,ΠΕΡΙΦΕΡΕΙΑΚΗ ΕΝΟΤΗΤΑ ΚΑΣΤΟ
REGIONAL UNIT OF FLORINA,2016,3,ΠΕΡΙΦΕΡΕΙΑΚΗ ΕΝΟΤΗΤΑ ΦΛΩΡΙ
REGIONAL UNIT OF IOANNINES,2016,13,ΠΕΡΙΦΕΡΕΙΑΚΗ ΕΝΟΤΗΤΑ ΙΩΑΝΝ
ARTAS REGIONAL UNIT,2016,8,ΠΕΡΙΦΕΡΕΙΑΚΗ ΕΝΟΤΗΤΑ ΑΡΤΑΣ
REGIONAL UNIT OF THESPROTIAS,2016,4,ΠΕΡΙΦΕΡΕΙΑΚΗ ΕΝΟΤΗΤΑ ΘΕΣΠΡ
PREVEZA REGIONAL UNIT,2016,10,ΠΕΡΙΦΕΡΕΙΑΚΗ ΕΝΟΤΗΤΑ ΠΡΕΒΕ
REGIONAL UNIT OF LARISA,2016,14,ΠΕΡΙΦΕΡΕΙΑΚΗ ΕΝΟΤΗΤΑ ΛΑΡΙΣ
REGIONAL UNIT OF KARDITSA,2016,9,ΠΕΡΙΦΕΡΕΙΑΚΗ ΕΝΟΤΗΤΑ ΚΑΡΔΙ
MAGNESIA REGIONAL UNIT,2016,12,ΠΕΡΙΦΕΡΕΙΑΚΗ ΕΝΟΤΗΤΑ ΜΑΓΝΗ
SPORADES REGIONAL UNIT,2016,0,ΠΕΡΙΦΕΡΕΙΑΚΗ ΕΝΟΤΗΤΑ ΣΠΟΡΑ
TRIKAL REGIONAL UNIT,2016,6,ΠΕΡΙΦΕΡΕΙΑΚΗ ΕΝΟΤΗΤΑ ΤΡΙΚΑ
FTIOTIDA REGIONAL UNIT,2016,17,ΠΕΡΙΦΕΡΕΙΑΚΗ ΕΝΟΤΗΤΑ ΦΘΙΩΤ
VIOTIA REGIONAL UNIT,2016,14,ΠΕΡΙΦΕΡΕΙΑΚΗ ΕΝΟΤΗΤΑ ΒΟΙΩΤ
EVIA REGIONAL UNIT,2016,25,ΠΕΡΙΦΕΡΕΙΑΚΗ ΕΝΟΤΗΤΑ ΕΥΒΟΙ
EWRITANIA REGIONAL UNIT,2016,0,ΠΕΡΙΦΕΡΕΙΑΚΗ ΕΝΟΤΗΤΑ ΕΥΡΥΤ
FOKIDA REGIONAL UNIT,2016,6,ΠΕΡΙΦΕΡΕΙΑΚΗ ΕΝΟΤΗΤΑ ΦΩΚΙΔ
REGIONAL UNIT OF CORFU,2016,4,ΠΕΡΙΦΕΡΕΙΑΚΗ ΕΝΟΤΗΤΑ ΚΕΡΚΥ
REGIONAL UNIT OF ZAKYNTHOS,2016,5,ΠΕΡΙΦΕΡΕΙΑΚΗ ΕΝΟΤΗΤΑ ΖΑΚΥΝ
ITHAKIS REGIONAL UNIT,2016,1,ΠΕΡΙΦΕΡΕΙΑΚΗ ΕΝΟΤΗΤΑ ΙΘΑΚΗ
REGIONAL UNIT OF KEFALLINA,2016,2,ΠΕΡΙΦΕΡΕΙΑΚΗ ΕΝΟΤΗΤΑ ΚΕΦΑΛ
LEFKADA REGIONAL UNIT,2016,6,ΠΕΡΙΦΕΡΕΙΑΚΗ ΕΝΟΤΗΤΑ ΛΕΥΚΑ
ACHAIA REGIONAL UNIT,2016,25,ΠΕΡΙΦΕΡΕΙΑΚΗ ΕΝΟΤΗΤΑ ΑΧΑΪΑ
REGIONAL UNIT OF ETOLOAKARNANIA,2016,20,ΠΕΡΙΦΕΡΕΙΑΚΗ ΕΝΟΤΗΤΑ ΑΙΤΩΛ
REGIONAL UNIT OF ILIA,2016,18,ΠΕΡΙΦΕΡΕΙΑΚΗ ΕΝΟΤΗΤΑ ΗΛΕΙΑ
ARCADIA REGIONAL UNIT,2016,5,ΠΕΡΙΦΕΡΕΙΑΚΗ ΕΝΟΤΗΤΑ ΑΡΚΑΔ
ARGOLIDA REGIONAL UNIT,2016,13,ΠΕΡΙΦΕΡΕΙΑΚΗ ΕΝΟΤΗΤΑ ΑΡΓΟΛ
REGIONAL UNIT OF CORINTH,2016,24,ΠΕΡΙΦΕΡΕΙΑΚΗ ΕΝΟΤΗΤΑ ΚΟΡΙΝ
LAKONIA REGIONAL UNIT,2016,5,ΠΕΡΙΦΕΡΕΙΑΚΗ ΕΝΟΤΗΤΑ ΛΑΚΩΝ
REGIONAL UNIT OF MESSINIA,2016,25,ΠΕΡΙΦΕΡΕΙΑΚΗ ΕΝΟΤΗΤΑ ΜΕΣΣΗ
REGIONAL UNIT OF THE CENTRAL AREA OF ATHENS,2016,18,ΠΕΡΙΦΕΡΕΙΑΚΗ ΕΝΟΤΗΤΑ ΚΕΝΤΡ
REGIONAL UNIT OF THE NORTHERN SECTOR OF ATHENS,2016,31,ΠΕΡΙΦΕΡΕΙΑΚΗ ΕΝΟΤΗΤΑ ΒΟΡΕΙ
REGIONAL UNIT OF WESTERN SECTOR OF ATHENS,2016,23,ΠΕΡΙΦΕΡΕΙΑΚΗ ΕΝΟΤΗΤΑ ΔΥΤΙΚ
REGIONAL SECTION OF THE SOUTHERN SECTOR OF ATHENS,2016,33,ΠΕΡΙΦΕΡΕΙΑΚΗ ΕΝΟΤΗΤΑ ΝΟΤΙΟ
REGIONAL UNIT OF EASTERN ATTICA,2016,50,ΠΕΡΙΦΕΡΕΙΑΚΗ ΕΝΟΤΗΤΑ ΑΝΑΤΟ
REGIONAL UNIT OF WEST ATTICA,2016,19,ΠΕΡΙΦΕΡΕΙΑΚΗ ΕΝΟΤΗΤΑ ΔΥΤΙΚΗΣ
PIRAEUS REGIONAL UNIT,2016,23,ΠΕΡΙΦΕΡΕΙΑΚΗ ΕΝΟΤΗΤΑ ΠΕΙΡΑ
ISLANDS REGIONAL UNIT,2016,3,ΠΕΡΙΦΕΡΕΙΑΚΗ ΕΝΟΤΗΤΑ ΝΗΣΩΝ
REGIONAL UNIT OF LESVO,2016,9,ΠΕΡΙΦΕΡΕΙΑΚΗ ΕΝΟΤΗΤΑ ΛΕΣΒΟ
REGIONAL UNIT OF IKARIA,2016,0,ΠΕΡΙΦΕΡΕΙΑΚΗ ΕΝΟΤΗΤΑ ΙΚΑΡΙ
LAKE REGIONAL UNIT,2016,4,ΠΕΡΙΦΕΡΕΙΑΚΗ ΕΝΟΤΗΤΑ ΛΗΜΝΟ
SAMOS REGIONAL UNIT,2016,2,ΠΕΡΙΦΕΡΕΙΑΚΗ ΕΝΟΤΗΤΑ ΣΑΜΟΥ
CHIOS REGIONAL UNIT,2016,2,ΠΕΡΙΦΕΡΕΙΑΚΗ ΕΝΟΤΗΤΑ ΧΙΟΥ
SYROS REGIONAL UNIT,2016,1,ΠΕΡΙΦΕΡΕΙΑΚΗ ΕΝΟΤΗΤΑ ΣΥΡΟΥ
ANDROS REGIONAL UNIT,2016,1,ΠΕΡΙΦΕΡΕΙΑΚΗ ΕΝΟΤΗΤΑ ΑΝΔΡΟ
THIRA REGIONAL UNIT,2016,5,ΠΕΡΙΦΕΡΕΙΑΚΗ ΕΝΟΤΗΤΑ ΘΗΡΑΣ
REGIONAL UNIT OF KALYMNOS,2016,3,ΠΕΡΙΦΕΡΕΙΑΚΗ ΕΝΟΤΗΤΑ ΚΑΛΥΜ
CARPATHIAN REGIONAL UNIT,2016,1,ΠΕΡΙΦΕΡΕΙΑΚΗ ΕΝΟΤΗΤΑ ΚΑΡΠΑ
REGIONAL UNIT OF KEAS - KYTHNO,2016,0,ΠΕΡΙΦΕΡΕΙΑΚΗ ΕΝΟΤΗΤΑ ΚΕΑΣ -
REGIONAL UNIT OF KO,2016,8,ΠΕΡΙΦΕΡΕΙΑΚΗ ΕΝΟΤΗΤΑ ΚΩ
APPLE REGIONAL SECTION,2016,1,ΠΕΡΙΦΕΡΕΙΑΚΗ ΕΝΟΤΗΤΑ ΜΗΛΟΥ
REGIONAL UNIT OF MYKON,2016,3,ΠΕΡΙΦΕΡΕΙΑΚΗ ΕΝΟΤΗΤΑ ΜΥΚΟΝ
NAXOS REGIONAL UNIT,2016,0,ΠΕΡΙΦΕΡΕΙΑΚΗ ΕΝΟΤΗΤΑ ΝΑΞΟΥ
PAROS REGIONAL UNIT,2016,3,ΠΕΡΙΦΕΡΕΙΑΚΗ ΕΝΟΤΗΤΑ ΠΑΡΟΥ
RHODES REGIONAL UNIT,2016,19,ΠΕΡΙΦΕΡΕΙΑΚΗ ΕΝΟΤΗΤΑ ΡΟΔΟΥ
REGIONAL UNIT OF TINOS,2016,0,ΠΕΡΙΦΕΡΕΙΑΚΗ ΕΝΟΤΗΤΑ ΤΗΝΟΥ
HERACLEIA REGIONAL UNIT,2016,28,ΠΕΡΙΦΕΡΕΙΑΚΗ ΕΝΟΤΗΤΑ ΗΡΑΚΛ
LASITHI REGIONAL UNIT,2016,6,ΠΕΡΙΦΕΡΕΙΑΚΗ ΕΝΟΤΗΤΑ ΛΑΣΙΘ
REGIONAL UNIT OF RETHYMNO,2016,11,ΠΕΡΙΦΕΡΕΙΑΚΗ ΕΝΟΤΗΤΑ ΡΕΘΥΜ
REGIONAL UNIT OF CHANIA,2016,18,ΠΕΡΙΦΕΡΕΙΑΚΗ ΕΝΟΤΗΤΑ ΧΑΝΙΩ
RODOPI REGIONAL UNIT,2022,5,ΠΕΡΙΦΕΡΕΙΑΚΗ ΕΝΟΤΗΤΑ ΡΟΔΟΠ
REGIONAL DRAMA SECTION,2022,3,ΠΕΡΙΦΕΡΕΙΑΚΗ ΕΝΟΤΗΤΑ ΔΡΑΜΑ
REGIONAL UNIT OF EVROS,2022,10,ΠΕΡΙΦΕΡΕΙΑΚΗ ΕΝΟΤΗΤΑ ΕΒΡΟΥ
THASOS REGIONAL UNIT,2022,2,ΠΕΡΙΦΕΡΕΙΑΚΗ ΕΝΟΤΗΤΑ ΘΑΣΟΥ
KAVALAS REGIONAL UNIT,2022,9,ΠΕΡΙΦΕΡΕΙΑΚΗ ΕΝΟΤΗΤΑ ΚΑΒΑΛ
XANTHI REGIONAL UNIT,2022,12,ΠΕΡΙΦΕΡΕΙΑΚΗ ΕΝΟΤΗΤΑ ΞΑΝΘΗ
REGIONAL UNIT OF THESSALONIKI,2022,34,ΠΕΡΙΦΕΡΕΙΑΚΗ ΕΝΟΤΗΤΑ ΘΕΣΣΑ
IMATHIA REGIONAL UNIT,2022,14,ΠΕΡΙΦΕΡΕΙΑΚΗ ΕΝΟΤΗΤΑ ΗΜΑΘΙ
KILKIS REGIONAL UNIT,2022,5,ΠΕΡΙΦΕΡΕΙΑΚΗ ΕΝΟΤΗΤΑ ΚΙΛΚΙ
REGIONAL UNIT OF PELLAS,2022,5,ΠΕΡΙΦΕΡΕΙΑΚΗ ΕΝΟΤΗΤΑ ΠΕΛΛΑ
PIERIA REGIONAL UNIT,2022,7,ΠΕΡΙΦΕΡΕΙΑΚΗ ΕΝΟΤΗΤΑ ΠΙΕΡΙ
REGIONAL UNIT OF SERRA,2022,13,ΠΕΡΙΦΕΡΕΙΑΚΗ ΕΝΟΤΗΤΑ ΣΕΡΡΩ
REGIONAL UNIT OF CHALKIDIKI,2022,11,ΠΕΡΙΦΕΡΕΙΑΚΗ ΕΝΟΤΗΤΑ ΧΑΛΚΙ
REGIONAL UNIT OF KOZANI,2022,8,ΠΕΡΙΦΕΡΕΙΑΚΗ ΕΝΟΤΗΤΑ ΚΟΖΑΝ
REGIONAL UNIT OF GREVENI,2022,1,ΠΕΡΙΦΕΡΕΙΑΚΗ ΕΝΟΤΗΤΑ ΓΡΕΒΕ
KASTORIA REGIONAL UNIT,2022,2,ΠΕΡΙΦΕΡΕΙΑΚΗ ΕΝΟΤΗΤΑ ΚΑΣΤΟ
REGIONAL UNIT OF FLORINA,2022,3,ΠΕΡΙΦΕΡΕΙΑΚΗ ΕΝΟΤΗΤΑ ΦΛΩΡΙ
REGIONAL UNIT OF IOANNINA,2022,3,ΠΕΡΙΦΕΡΕΙΑΚΗ ΕΝΟΤΗΤΑ ΙΩΑΝΝ
ARTAS REGIONAL UNIT,2022,9,ΠΕΡΙΦΕΡΕΙΑΚΗ ΕΝΟΤΗΤΑ ΑΡΤΑΣ
REGIONAL UNIT OF THESPROTIAS,2022,1,ΠΕΡΙΦΕΡΕΙΑΚΗ ΕΝΟΤΗΤΑ ΘΕΣΠΡ
PREVEZA REGIONAL UNIT,2022,6,ΠΕΡΙΦΕΡΕΙΑΚΗ ΕΝΟΤΗΤΑ ΠΡΕΒΕ
REGIONAL UNIT OF LARISA,2022,15,ΠΕΡΙΦΕΡΕΙΑΚΗ ΕΝΟΤΗΤΑ ΛΑΡΙΣ
REGIONAL UNIT OF KARDITSA,2022,7,ΠΕΡΙΦΕΡΕΙΑΚΗ ΕΝΟΤΗΤΑ ΚΑΡΔΙ
MAGNESIA REGIONAL UNIT,2022,11,ΠΕΡΙΦΕΡΕΙΑΚΗ ΕΝΟΤΗΤΑ ΜΑΓΝΗ
SPORADES REGIONAL UNIT,2022,1,ΠΕΡΙΦΕΡΕΙΑΚΗ ΕΝΟΤΗΤΑ ΣΠΟΡΑ
TRIKAL REGIONAL UNIT,2022,2,ΠΕΡΙΦΕΡΕΙΑΚΗ ΕΝΟΤΗΤΑ ΤΡΙΚΑ
FTIOTIDA REGIONAL UNIT,2022,16,ΠΕΡΙΦΕΡΕΙΑΚΗ ΕΝΟΤΗΤΑ ΦΘΙΩΤ
VIOTIA REGIONAL UNIT,2022,6,ΠΕΡΙΦΕΡΕΙΑΚΗ ΕΝΟΤΗΤΑ ΒΟΙΩΤ
EVIA REGIONAL UNIT,2022,26,ΠΕΡΙΦΕΡΕΙΑΚΗ ΕΝΟΤΗΤΑ ΕΥΒΟΙ
EWRITANIA REGIONAL UNIT,2022,3,ΠΕΡΙΦΕΡΕΙΑΚΗ ΕΝΟΤΗΤΑ ΕΥΡΥΤ
FOKIDA REGIONAL UNIT,2022,6,ΠΕΡΙΦΕΡΕΙΑΚΗ ΕΝΟΤΗΤΑ ΦΩΚΙΔ
REGIONAL UNIT OF CORFU,2022,8,ΠΕΡΙΦΕΡΕΙΑΚΗ ΕΝΟΤΗΤΑ ΚΕΡΚΥ
REGIONAL UNIT OF ZAKYNTHOS,2022,2,ΠΕΡΙΦΕΡΕΙΑΚΗ ΕΝΟΤΗΤΑ ΖΑΚΥΝ
ITHAKIS REGIONAL UNIT,2022,0,ΠΕΡΙΦΕΡΕΙΑΚΗ ΕΝΟΤΗΤΑ ΙΘΑΚΗ
REGIONAL UNIT OF KEFALLINA,2022,7,ΠΕΡΙΦΕΡΕΙΑΚΗ ΕΝΟΤΗΤΑ ΚΕΦΑΛ
LEFKADA REGIONAL UNIT,2022,9,ΠΕΡΙΦΕΡΕΙΑΚΗ ΕΝΟΤΗΤΑ ΛΕΥΚΑ
ACHAIA REGIONAL UNIT,2022,21,ΠΕΡΙΦΕΡΕΙΑΚΗ ΕΝΟΤΗΤΑ ΑΧΑΪΑ
REGIONAL UNIT OF ETOLOAKARNANIA,2022,20,ΠΕΡΙΦΕΡΕΙΑΚΗ ΕΝΟΤΗΤΑ ΑΙΤΩΛ
REGIONAL UNIT OF ILIA,2022,19,ΠΕΡΙΦΕΡΕΙΑΚΗ ΕΝΟΤΗΤΑ ΗΛΕΙΑ
ARCADIA REGIONAL UNIT,2022,3,ΠΕΡΙΦΕΡΕΙΑΚΗ ΕΝΟΤΗΤΑ ΑΡΚΑΔ
ARGOLIDA REGIONAL UNIT,2022,9,ΠΕΡΙΦΕΡΕΙΑΚΗ ΕΝΟΤΗΤΑ ΑΡΓΟΛ
REGIONAL UNIT OF CORINTH,2022,16,ΠΕΡΙΦΕΡΕΙΑΚΗ ΕΝΟΤΗΤΑ ΚΟΡΙΝ
LAKONIA REGIONAL UNIT,2022,2,ΠΕΡΙΦΕΡΕΙΑΚΗ ΕΝΟΤΗΤΑ ΛΑΚΩΝ
REGIONAL UNIT OF MESSINIA,2022,17,ΠΕΡΙΦΕΡΕΙΑΚΗ ΕΝΟΤΗΤΑ ΜΕΣΣΗ
REGIONAL UNIT OF THE CENTRAL AREA OF ATHENS,2022,32,ΠΕΡΙΦΕΡΕΙΑΚΗ ΕΝΟΤΗΤΑ ΚΕΝΤΡ
REGIONAL UNIT OF THE NORTHERN SECTOR OF ATHENS,2022,22,ΠΕΡΙΦΕΡΕΙΑΚΗ ΕΝΟΤΗΤΑ ΒΟΡΕΙ
REGIONAL UNIT OF WESTERN SECTOR OF ATHENS,2022,15,ΠΕΡΙΦΕΡΕΙΑΚΗ ΕΝΟΤΗΤΑ ΔΥΤΙΚ
REGIONAL SECTION OF THE SOUTHERN SECTOR OF ATHENS,2022,16,ΠΕΡΙΦΕΡΕΙΑΚΗ ΕΝΟΤΗΤΑ ΝΟΤΙΟ
REGIONAL UNIT OF EASTERN ATTICA,2022,33,ΠΕΡΙΦΕΡΕΙΑΚΗ ΕΝΟΤΗΤΑ ΑΝΑΤΟ
REGIONAL UNIT OF WEST ATTICA,2022,18,ΠΕΡΙΦΕΡΕΙΑΚΗ ΕΝΟΤΗΤΑ ΔΥΤΙΚΗΣ
PIRAEUS REGIONAL UNIT,2022,19,ΠΕΡΙΦΕΡΕΙΑΚΗ ΕΝΟΤΗΤΑ ΠΕΙΡΑ
ISLANDS REGIONAL UNIT,2022,4,ΠΕΡΙΦΕΡΕΙΑΚΗ ΕΝΟΤΗΤΑ ΝΗΣΩΝ
REGIONAL UNIT OF LESVO,2022,12,ΠΕΡΙΦΕΡΕΙΑΚΗ ΕΝΟΤΗΤΑ ΛΕΣΒΟ
LAKE REGIONAL UNIT,2022,0,ΠΕΡΙΦΕΡΕΙΑΚΗ ΕΝΟΤΗΤΑ ΛΗΜΝΟ
SAMOS REGIONAL UNIT,2022,5,ΠΕΡΙΦΕΡΕΙΑΚΗ ΕΝΟΤΗΤΑ ΣΑΜΟΥ
CHIOS REGIONAL UNIT,2022,2,ΠΕΡΙΦΕΡΕΙΑΚΗ ΕΝΟΤΗΤΑ ΧΙΟΥ
SYROS REGIONAL UNIT,2022,1,ΠΕΡΙΦΕΡΕΙΑΚΗ ΕΝΟΤΗΤΑ ΣΥΡΟΥ
ANDROS REGIONAL UNIT,2022,0,ΠΕΡΙΦΕΡΕΙΑΚΗ ΕΝΟΤΗΤΑ ΑΝΔΡΟ
THIRA REGIONAL UNIT,2022,8,ΠΕΡΙΦΕΡΕΙΑΚΗ ΕΝΟΤΗΤΑ ΘΗΡΑΣ
REGIONAL UNIT OF KALYMNOS,2022,1,ΠΕΡΙΦΕΡΕΙΑΚΗ ΕΝΟΤΗΤΑ ΚΑΛΥΜ
CARPATHIAN REGIONAL UNIT,2022,0,ΠΕΡΙΦΕΡΕΙΑΚΗ ΕΝΟΤΗΤΑ ΚΑΡΠΑ
REGIONAL UNIT OF KEAS - KYTHNO,2022,1,ΠΕΡΙΦΕΡΕΙΑΚΗ ΕΝΟΤΗΤΑ ΚΕΑΣ -
REGIONAL UNIT OF KO,2022,8,ΠΕΡΙΦΕΡΕΙΑΚΗ ΕΝΟΤΗΤΑ ΚΩ
APPLE REGIONAL SECTION,2022,0,ΠΕΡΙΦΕΡΕΙΑΚΗ ΕΝΟΤΗΤΑ ΜΗΛΟΥ
REGIONAL UNIT OF MYKON,2022,4,ΠΕΡΙΦΕΡΕΙΑΚΗ ΕΝΟΤΗΤΑ ΜΥΚΟΝ
NAXOS REGIONAL UNIT,2022,1,ΠΕΡΙΦΕΡΕΙΑΚΗ ΕΝΟΤΗΤΑ ΝΑΞΟΥ
PAROS REGIONAL UNIT,2022,1,ΠΕΡΙΦΕΡΕΙΑΚΗ ΕΝΟΤΗΤΑ ΠΑΡΟΥ
RHODES REGIONAL UNIT,2022,17,ΠΕΡΙΦΕΡΕΙΑΚΗ ΕΝΟΤΗΤΑ ΡΟΔΟΥ
REGIONAL UNIT OF TINOS,2022,1,ΠΕΡΙΦΕΡΕΙΑΚΗ ΕΝΟΤΗΤΑ ΤΗΝΟΥ
HERACLEIA REGIONAL UNIT,2022,19,ΠΕΡΙΦΕΡΕΙΑΚΗ ΕΝΟΤΗΤΑ ΗΡΑΚΛ
LASITHI REGIONAL UNIT,2022,3,ΠΕΡΙΦΕΡΕΙΑΚΗ ΕΝΟΤΗΤΑ ΛΑΣΙΘ
REGIONAL UNIT OF RETHYMNO,2022,9,ΠΕΡΙΦΕΡΕΙΑΚΗ ΕΝΟΤΗΤΑ ΡΕΘΥΜ
REGIONAL UNIT OF CHANIA,2022,13,ΠΕΡΙΦΕΡΕΙΑΚΗ ΕΝΟΤΗΤΑ ΧΑΝΙΩ
RODOPI REGIONAL UNIT,2020,3,ΠΕΡΙΦΕΡΕΙΑΚΗ ΕΝΟΤΗΤΑ ΡΟΔΟΠ
REGIONAL DRAMA SECTION,2020,4,ΠΕΡΙΦΕΡΕΙΑΚΗ ΕΝΟΤΗΤΑ ΔΡΑΜΑ
REGIONAL UNIT OF EVROS,2020,11,ΠΕΡΙΦΕΡΕΙΑΚΗ ΕΝΟΤΗΤΑ ΕΒΡΟΥ
THASOS REGIONAL UNIT,2020,1,ΠΕΡΙΦΕΡΕΙΑΚΗ ΕΝΟΤΗΤΑ ΘΑΣΟΥ
KAVALAS REGIONAL UNIT,2020,7,ΠΕΡΙΦΕΡΕΙΑΚΗ ΕΝΟΤΗΤΑ ΚΑΒΑΛ
XANTHI REGIONAL UNIT,2020,2,ΠΕΡΙΦΕΡΕΙΑΚΗ ΕΝΟΤΗΤΑ ΞΑΝΘΗ
REGIONAL UNIT OF THESSALONIKI,2020,40,ΠΕΡΙΦΕΡΕΙΑΚΗ ΕΝΟΤΗΤΑ ΘΕΣΣΑ
IMATHIA REGIONAL UNIT,2020,8,ΠΕΡΙΦΕΡΕΙΑΚΗ ΕΝΟΤΗΤΑ ΗΜΑΘΙ
KILKIS REGIONAL UNIT,2020,11,ΠΕΡΙΦΕΡΕΙΑΚΗ ΕΝΟΤΗΤΑ ΚΙΛΚΙ
REGIONAL UNIT OF PELLAS,2020,10,ΠΕΡΙΦΕΡΕΙΑΚΗ ΕΝΟΤΗΤΑ ΠΕΛΛΑ
PIERIA REGIONAL UNIT,2020,7,ΠΕΡΙΦΕΡΕΙΑΚΗ ΕΝΟΤΗΤΑ ΠΙΕΡΙ
REGIONAL UNIT OF SERRA,2020,14,ΠΕΡΙΦΕΡΕΙΑΚΗ ΕΝΟΤΗΤΑ ΣΕΡΡΩ
REGIONAL UNIT OF CHALKIDIKI,2020,13,ΠΕΡΙΦΕΡΕΙΑΚΗ ΕΝΟΤΗΤΑ ΧΑΛΚΙ
REGIONAL UNIT OF KOZANI,2020,7,ΠΕΡΙΦΕΡΕΙΑΚΗ ΕΝΟΤΗΤΑ ΚΟΖΑΝ
REGIONAL UNIT OF GREVENI,2020,0,ΠΕΡΙΦΕΡΕΙΑΚΗ ΕΝΟΤΗΤΑ ΓΡΕΒΕ
KASTORIA REGIONAL UNIT,2020,3,ΠΕΡΙΦΕΡΕΙΑΚΗ ΕΝΟΤΗΤΑ ΚΑΣΤΟ
REGIONAL UNIT OF FLORINA,2020,0,ΠΕΡΙΦΕΡΕΙΑΚΗ ΕΝΟΤΗΤΑ ΦΛΩΡΙ
REGIONAL UNIT OF IOANNINES,2020,7,ΠΕΡΙΦΕΡΕΙΑΚΗ ΕΝΟΤΗΤΑ ΙΩΑΝΝ
ARTAS REGIONAL UNIT,2020,6,ΠΕΡΙΦΕΡΕΙΑΚΗ ΕΝΟΤΗΤΑ ΑΡΤΑΣ
REGIONAL UNIT OF THESPROTIAS,2020,1,ΠΕΡΙΦΕΡΕΙΑΚΗ ΕΝΟΤΗΤΑ ΘΕΣΠΡ
PREVEZA REGIONAL UNIT,2020,11,ΠΕΡΙΦΕΡΕΙΑΚΗ ΕΝΟΤΗΤΑ ΠΡΕΒΕ
REGIONAL UNIT OF LARISA,2020,12,ΠΕΡΙΦΕΡΕΙΑΚΗ ΕΝΟΤΗΤΑ ΛΑΡΙΣ
REGIONAL UNIT OF KARDITSA,2020,5,ΠΕΡΙΦΕΡΕΙΑΚΗ ΕΝΟΤΗΤΑ ΚΑΡΔΙ
MAGNESIA REGIONAL UNIT,2020,13,ΠΕΡΙΦΕΡΕΙΑΚΗ ΕΝΟΤΗΤΑ ΜΑΓΝΗ
SPORADES REGIONAL UNIT,2020,1,ΠΕΡΙΦΕΡΕΙΑΚΗ ΕΝΟΤΗΤΑ ΣΠΟΡΑ
TRIKAL REGIONAL UNIT,2020,9,ΠΕΡΙΦΕΡΕΙΑΚΗ ΕΝΟΤΗΤΑ ΤΡΙΚΑ
FTIOTIDA REGIONAL UNIT,2020,18,ΠΕΡΙΦΕΡΕΙΑΚΗ ΕΝΟΤΗΤΑ ΦΘΙΩΤ
VIOTIA REGIONAL UNIT,2020,11,ΠΕΡΙΦΕΡΕΙΑΚΗ ΕΝΟΤΗΤΑ ΒΟΙΩΤ
EVIA REGIONAL UNIT,2020,17,ΠΕΡΙΦΕΡΕΙΑΚΗ ΕΝΟΤΗΤΑ ΕΥΒΟΙ
EWRITANIA REGIONAL UNIT,2020,1,ΠΕΡΙΦΕΡΕΙΑΚΗ ΕΝΟΤΗΤΑ ΕΥΡΥΤ
FOKIDA REGIONAL UNIT,2020,1,ΠΕΡΙΦΕΡΕΙΑΚΗ ΕΝΟΤΗΤΑ ΦΩΚΙΔ
REGIONAL UNIT OF CORFU,2020,7,ΠΕΡΙΦΕΡΕΙΑΚΗ ΕΝΟΤΗΤΑ ΚΕΡΚΥ
REGIONAL UNIT OF ZAKYNTHOS,2020,1,ΠΕΡΙΦΕΡΕΙΑΚΗ ΕΝΟΤΗΤΑ ΖΑΚΥΝ
ITHAKIS REGIONAL UNIT,2020,0,ΠΕΡΙΦΕΡΕΙΑΚΗ ΕΝΟΤΗΤΑ ΙΘΑΚΗ
REGIONAL UNIT OF KEFALLINA,2020,1,ΠΕΡΙΦΕΡΕΙΑΚΗ ΕΝΟΤΗΤΑ ΚΕΦΑΛ
LEFKADA REGIONAL UNIT,2020,0,ΠΕΡΙΦΕΡΕΙΑΚΗ ΕΝΟΤΗΤΑ ΛΕΥΚΑ
ACHAIA REGIONAL UNIT,2020,22,ΠΕΡΙΦΕΡΕΙΑΚΗ ΕΝΟΤΗΤΑ ΑΧΑΪΑ
REGIONAL UNIT OF ETOLOAKARNANIA,2020,12,ΠΕΡΙΦΕΡΕΙΑΚΗ ΕΝΟΤΗΤΑ ΑΙΤΩΛ
REGIONAL UNIT OF ILIA,2020,24,ΠΕΡΙΦΕΡΕΙΑΚΗ ΕΝΟΤΗΤΑ ΗΛΕΙΑ
ARCADIA REGIONAL UNIT,2020,3,ΠΕΡΙΦΕΡΕΙΑΚΗ ΕΝΟΤΗΤΑ ΑΡΚΑΔ
ARGOLIDA REGIONAL UNIT,2020,10,ΠΕΡΙΦΕΡΕΙΑΚΗ ΕΝΟΤΗΤΑ ΑΡΓΟΛ
REGIONAL UNIT OF CORINTH,2020,17,ΠΕΡΙΦΕΡΕΙΑΚΗ ΕΝΟΤΗΤΑ ΚΟΡΙΝ
LAKONIA REGIONAL UNIT,2020,3,ΠΕΡΙΦΕΡΕΙΑΚΗ ΕΝΟΤΗΤΑ ΛΑΚΩΝ
REGIONAL UNIT OF MESSINIA,2020,10,ΠΕΡΙΦΕΡΕΙΑΚΗ ΕΝΟΤΗΤΑ ΜΕΣΣΗ
REGIONAL UNIT OF THE CENTRAL AREA OF ATHENS,2020,22,ΠΕΡΙΦΕΡΕΙΑΚΗ ΕΝΟΤΗΤΑ ΚΕΝΤΡ
REGIONAL UNIT OF THE NORTHERN SECTOR OF ATHENS,2020,19,ΠΕΡΙΦΕΡΕΙΑΚΗ ΕΝΟΤΗΤΑ ΒΟΡΕΙ
REGIONAL UNIT OF WESTERN SECTOR OF ATHENS,2020,15,ΠΕΡΙΦΕΡΕΙΑΚΗ ΕΝΟΤΗΤΑ ΔΥΤΙΚ
REGIONAL SECTION OF THE SOUTHERN SECTOR OF ATHENS,2020,24,ΠΕΡΙΦΕΡΕΙΑΚΗ ΕΝΟΤΗΤΑ ΝΟΤΙΟ
REGIONAL UNIT OF EASTERN ATTICA,2020,37,ΠΕΡΙΦΕΡΕΙΑΚΗ ΕΝΟΤΗΤΑ ΑΝΑΤΟ
REGIONAL UNIT OF WEST ATTICA,2020,9,ΠΕΡΙΦΕΡΕΙΑΚΗ ΕΝΟΤΗΤΑ ΔΥΤΙΚΗΣ
PIRAEUS REGIONAL UNIT,2020,22,ΠΕΡΙΦΕΡΕΙΑΚΗ ΕΝΟΤΗΤΑ ΠΕΙΡΑ
ISLANDS REGIONAL UNIT,2020,2,ΠΕΡΙΦΕΡΕΙΑΚΗ ΕΝΟΤΗΤΑ ΝΗΣΩΝ
REGIONAL UNIT OF LESVO,2020,6,ΠΕΡΙΦΕΡΕΙΑΚΗ ΕΝΟΤΗΤΑ ΛΕΣΒΟ
LAKE REGIONAL UNIT,2020,1,ΠΕΡΙΦΕΡΕΙΑΚΗ ΕΝΟΤΗΤΑ ΛΗΜΝΟ
SAMOS REGIONAL UNIT,2020,3,ΠΕΡΙΦΕΡΕΙΑΚΗ ΕΝΟΤΗΤΑ ΣΑΜΟΥ
CHIOS REGIONAL UNIT,2020,2,ΠΕΡΙΦΕΡΕΙΑΚΗ ΕΝΟΤΗΤΑ ΧΙΟΥ
SYROS REGIONAL UNIT,2020,0,ΠΕΡΙΦΕΡΕΙΑΚΗ ΕΝΟΤΗΤΑ ΣΥΡΟΥ
ANDROS REGIONAL UNIT,2020,0,ΠΕΡΙΦΕΡΕΙΑΚΗ ΕΝΟΤΗΤΑ ΑΝΔΡΟ
THIRA REGIONAL UNIT,2020,4,ΠΕΡΙΦΕΡΕΙΑΚΗ ΕΝΟΤΗΤΑ ΘΗΡΑΣ
REGIONAL UNIT OF KALYMNOS,2020,3,ΠΕΡΙΦΕΡΕΙΑΚΗ ΕΝΟΤΗΤΑ ΚΑΛΥΜ
CARPATHIAN REGIONAL UNIT,2020,0,ΠΕΡΙΦΕΡΕΙΑΚΗ ΕΝΟΤΗΤΑ ΚΑΡΠΑ
REGIONAL UNIT OF KEAS - KYTHNO,2020,0,ΠΕΡΙΦΕΡΕΙΑΚΗ ΕΝΟΤΗΤΑ ΚΕΑΣ -
REGIONAL UNIT OF KO,2020,7,ΠΕΡΙΦΕΡΕΙΑΚΗ ΕΝΟΤΗΤΑ ΚΩ
APPLE REGIONAL SECTION,2020,0,ΠΕΡΙΦΕΡΕΙΑΚΗ ΕΝΟΤΗΤΑ ΜΗΛΟΥ
REGIONAL UNIT OF MYKON,2020,2,ΠΕΡΙΦΕΡΕΙΑΚΗ ΕΝΟΤΗΤΑ ΜΥΚΟΝ
NAXOS REGIONAL UNIT,2020,2,ΠΕΡΙΦΕΡΕΙΑΚΗ ΕΝΟΤΗΤΑ ΝΑΞΟΥ
PAROS REGIONAL UNIT,2020,0,ΠΕΡΙΦΕΡΕΙΑΚΗ ΕΝΟΤΗΤΑ ΠΑΡΟΥ
RHODES REGIONAL UNIT,2020,12,ΠΕΡΙΦΕΡΕΙΑΚΗ ΕΝΟΤΗΤΑ ΡΟΔΟΥ
REGIONAL UNIT OF TINOS,2020,0,ΠΕΡΙΦΕΡΕΙΑΚΗ ΕΝΟΤΗΤΑ ΤΗΝΟΥ
HERACLEIA REGIONAL UNIT,2020,13,ΠΕΡΙΦΕΡΕΙΑΚΗ ΕΝΟΤΗΤΑ ΗΡΑΚΛ
LASITHI REGIONAL UNIT,2020,4,ΠΕΡΙΦΕΡΕΙΑΚΗ ΕΝΟΤΗΤΑ ΛΑΣΙΘ
REGIONAL UNIT OF RETHYMNO,2020,4,ΠΕΡΙΦΕΡΕΙΑΚΗ ΕΝΟΤΗΤΑ ΡΕΘΥΜ
REGIONAL UNIT OF CHANIA,2020,7,ΠΕΡΙΦΕΡΕΙΑΚΗ ΕΝΟΤΗΤΑ ΧΑΝΙΩ
RODOPI REGIONAL UNIT,2017,5,ΠΕΡΙΦΕΡΕΙΑΚΗ ΕΝΟΤΗΤΑ ΡΟΔΟΠ
REGIONAL DRAMA SECTION,2017,6,ΠΕΡΙΦΕΡΕΙΑΚΗ ΕΝΟΤΗΤΑ ΔΡΑΜΑ
REGIONAL UNIT OF EVROS,2017,11,ΠΕΡΙΦΕΡΕΙΑΚΗ ΕΝΟΤΗΤΑ ΕΒΡΟΥ
THASOS REGIONAL UNIT,2017,1,ΠΕΡΙΦΕΡΕΙΑΚΗ ΕΝΟΤΗΤΑ ΘΑΣΟΥ
KAVALAS REGIONAL UNIT,2017,12,ΠΕΡΙΦΕΡΕΙΑΚΗ ΕΝΟΤΗΤΑ ΚΑΒΑΛ
XANTHI REGIONAL UNIT,2017,8,ΠΕΡΙΦΕΡΕΙΑΚΗ ΕΝΟΤΗΤΑ ΞΑΝΘΗ
REGIONAL UNIT OF THESSALONIKI,2017,55,ΠΕΡΙΦΕΡΕΙΑΚΗ ΕΝΟΤΗΤΑ ΘΕΣΣΑ
IMATHIA REGIONAL UNIT,2017,11,ΠΕΡΙΦΕΡΕΙΑΚΗ ΕΝΟΤΗΤΑ ΗΜΑΘΙ
KILKIS REGIONAL UNIT,2017,2,ΠΕΡΙΦΕΡΕΙΑΚΗ ΕΝΟΤΗΤΑ ΚΙΛΚΙ
REGIONAL UNIT OF PELLAS,2017,6,ΠΕΡΙΦΕΡΕΙΑΚΗ ΕΝΟΤΗΤΑ ΠΕΛΛΑ
PIERIA REGIONAL UNIT,2017,7,ΠΕΡΙΦΕΡΕΙΑΚΗ ΕΝΟΤΗΤΑ ΠΙΕΡΙ
REGIONAL UNIT OF SERRA,2017,12,ΠΕΡΙΦΕΡΕΙΑΚΗ ΕΝΟΤΗΤΑ ΣΕΡΡΩ
REGIONAL UNIT OF CHALKIDIKI,2017,12,ΠΕΡΙΦΕΡΕΙΑΚΗ ΕΝΟΤΗΤΑ ΧΑΛΚΙ
REGIONAL UNIT OF KOZANI,2017,6,ΠΕΡΙΦΕΡΕΙΑΚΗ ΕΝΟΤΗΤΑ ΚΟΖΑΝ
REGIONAL UNIT OF GREVENI,2017,1,ΠΕΡΙΦΕΡΕΙΑΚΗ ΕΝΟΤΗΤΑ ΓΡΕΒΕ
KASTORIA REGIONAL UNIT,2017,4,ΠΕΡΙΦΕΡΕΙΑΚΗ ΕΝΟΤΗΤΑ ΚΑΣΤΟ
REGIONAL UNIT OF FLORINA,2017,2,ΠΕΡΙΦΕΡΕΙΑΚΗ ΕΝΟΤΗΤΑ ΦΛΩΡΙ
REGIONAL UNIT OF IOANNINES,2017,7,ΠΕΡΙΦΕΡΕΙΑΚΗ ΕΝΟΤΗΤΑ ΙΩΑΝΝ
ARTAS REGIONAL UNIT,2017,3,ΠΕΡΙΦΕΡΕΙΑΚΗ ΕΝΟΤΗΤΑ ΑΡΤΑΣ
REGIONAL UNIT OF THESPROTIAS,2017,9,ΠΕΡΙΦΕΡΕΙΑΚΗ ΕΝΟΤΗΤΑ ΘΕΣΠΡ
PREVEZA REGIONAL UNIT,2017,5,ΠΕΡΙΦΕΡΕΙΑΚΗ ΕΝΟΤΗΤΑ ΠΡΕΒΕ
REGIONAL UNIT OF LARISA,2017,21,ΠΕΡΙΦΕΡΕΙΑΚΗ ΕΝΟΤΗΤΑ ΛΑΡΙΣ
REGIONAL UNIT OF KARDITSA,2017,10,ΠΕΡΙΦΕΡΕΙΑΚΗ ΕΝΟΤΗΤΑ ΚΑΡΔΙ
MAGNESIA REGIONAL UNIT,2017,8,ΠΕΡΙΦΕΡΕΙΑΚΗ ΕΝΟΤΗΤΑ ΜΑΓΝΗ
SPORADES REGIONAL UNIT,2017,1,ΠΕΡΙΦΕΡΕΙΑΚΗ ΕΝΟΤΗΤΑ ΣΠΟΡΑ
TRIKAL REGIONAL UNIT,2017,10,ΠΕΡΙΦΕΡΕΙΑΚΗ ΕΝΟΤΗΤΑ ΤΡΙΚΑ
FTIOTIDA REGIONAL UNIT,2017,14,ΠΕΡΙΦΕΡΕΙΑΚΗ ΕΝΟΤΗΤΑ ΦΘΙΩΤ
VIOTIA REGIONAL UNIT,2017,25,ΠΕΡΙΦΕΡΕΙΑΚΗ ΕΝΟΤΗΤΑ ΒΟΙΩΤ
EVIA REGIONAL UNIT,2017,24,ΠΕΡΙΦΕΡΕΙΑΚΗ ΕΝΟΤΗΤΑ ΕΥΒΟΙ
EWRITANIA REGIONAL UNIT,2017,0,ΠΕΡΙΦΕΡΕΙΑΚΗ ΕΝΟΤΗΤΑ ΕΥΡΥΤ
FOKIDA REGIONAL UNIT,2017,4,ΠΕΡΙΦΕΡΕΙΑΚΗ ΕΝΟΤΗΤΑ ΦΩΚΙΔ
REGIONAL UNIT OF CORFU,2017,10,ΠΕΡΙΦΕΡΕΙΑΚΗ ΕΝΟΤΗΤΑ ΚΕΡΚΥ
REGIONAL UNIT OF ZAKYNTHOS,2017,9,ΠΕΡΙΦΕΡΕΙΑΚΗ ΕΝΟΤΗΤΑ ΖΑΚΥΝ
ITHAKIS REGIONAL UNIT,2017,0,ΠΕΡΙΦΕΡΕΙΑΚΗ ΕΝΟΤΗΤΑ ΙΘΑΚΗ
REGIONAL UNIT OF KEFALLINA,2017,5,ΠΕΡΙΦΕΡΕΙΑΚΗ ΕΝΟΤΗΤΑ ΚΕΦΑΛ
LEFKADA REGIONAL UNIT,2017,6,ΠΕΡΙΦΕΡΕΙΑΚΗ ΕΝΟΤΗΤΑ ΛΕΥΚΑ
ACHAIA REGIONAL UNIT,2017,29,ΠΕΡΙΦΕΡΕΙΑΚΗ ΕΝΟΤΗΤΑ ΑΧΑΪΑ
REGIONAL UNIT OF ETOLOAKARNANIA,2017,24,ΠΕΡΙΦΕΡΕΙΑΚΗ ΕΝΟΤΗΤΑ ΑΙΤΩΛ
REGIONAL UNIT OF ILIA,2017,20,ΠΕΡΙΦΕΡΕΙΑΚΗ ΕΝΟΤΗΤΑ ΗΛΕΙΑ
ARCADIA REGIONAL UNIT,2017,6,ΠΕΡΙΦΕΡΕΙΑΚΗ ΕΝΟΤΗΤΑ ΑΡΚΑΔ
ARGOLIDA REGIONAL UNIT,2017,7,ΠΕΡΙΦΕΡΕΙΑΚΗ ΕΝΟΤΗΤΑ ΑΡΓΟΛ
REGIONAL UNIT OF CORINTH,2017,16,ΠΕΡΙΦΕΡΕΙΑΚΗ ΕΝΟΤΗΤΑ ΚΟΡΙΝ
LAKONIA REGIONAL UNIT,2017,13,ΠΕΡΙΦΕΡΕΙΑΚΗ ΕΝΟΤΗΤΑ ΛΑΚΩΝ
REGIONAL UNIT OF MESSINIA,2017,23,ΠΕΡΙΦΕΡΕΙΑΚΗ ΕΝΟΤΗΤΑ ΜΕΣΣΗ
REGIONAL UNIT OF THE CENTRAL AREA OF ATHENS,2017,21,ΠΕΡΙΦΕΡΕΙΑΚΗ ΕΝΟΤΗΤΑ ΚΕΝΤΡ
REGIONAL UNIT OF THE NORTHERN SECTOR OF ATHENS,2017,25,ΠΕΡΙΦΕΡΕΙΑΚΗ ΕΝΟΤΗΤΑ ΒΟΡΕΙ
REGIONAL UNIT OF WESTERN SECTOR OF ATHENS,2017,16,ΠΕΡΙΦΕΡΕΙΑΚΗ ΕΝΟΤΗΤΑ ΔΥΤΙΚ
REGIONAL SECTION OF THE SOUTHERN SECTOR OF ATHENS,2017,22,ΠΕΡΙΦΕΡΕΙΑΚΗ ΕΝΟΤΗΤΑ ΝΟΤΙΟ
REGIONAL UNIT OF EASTERN ATTICA,2017,38,ΠΕΡΙΦΕΡΕΙΑΚΗ ΕΝΟΤΗΤΑ ΑΝΑΤΟ
REGIONAL UNIT OF WEST ATTICA,2017,25,ΠΕΡΙΦΕΡΕΙΑΚΗ ΕΝΟΤΗΤΑ ΔΥΤΙΚΗΣ
PIRAEUS REGIONAL UNIT,2017,15,ΠΕΡΙΦΕΡΕΙΑΚΗ ΕΝΟΤΗΤΑ ΠΕΙΡΑ
ISLANDS REGIONAL UNIT,2017,2,ΠΕΡΙΦΕΡΕΙΑΚΗ ΕΝΟΤΗΤΑ ΝΗΣΩΝ
REGIONAL UNIT OF LESVO,2017,6,ΠΕΡΙΦΕΡΕΙΑΚΗ ΕΝΟΤΗΤΑ ΛΕΣΒΟ
REGIONAL UNIT OF IKARIA,2017,0,ΠΕΡΙΦΕΡΕΙΑΚΗ ΕΝΟΤΗΤΑ ΙΚΑΡΙ
LAKE REGIONAL UNIT,2017,2,ΠΕΡΙΦΕΡΕΙΑΚΗ ΕΝΟΤΗΤΑ ΛΗΜΝΟ
SAMOS REGIONAL UNIT,2017,2,ΠΕΡΙΦΕΡΕΙΑΚΗ ΕΝΟΤΗΤΑ ΣΑΜΟΥ
CHIOS REGIONAL UNIT,2017,2,ΠΕΡΙΦΕΡΕΙΑΚΗ ΕΝΟΤΗΤΑ ΧΙΟΥ
SYROS REGIONAL UNIT,2017,1,ΠΕΡΙΦΕΡΕΙΑΚΗ ΕΝΟΤΗΤΑ ΣΥΡΟΥ
ANDROS REGIONAL UNIT,2017,1,ΠΕΡΙΦΕΡΕΙΑΚΗ ΕΝΟΤΗΤΑ ΑΝΔΡΟ
THIRA REGIONAL UNIT,2017,4,ΠΕΡΙΦΕΡΕΙΑΚΗ ΕΝΟΤΗΤΑ ΘΗΡΑΣ
REGIONAL UNIT OF KALYMNOS,2017,3,ΠΕΡΙΦΕΡΕΙΑΚΗ ΕΝΟΤΗΤΑ ΚΑΛΥΜ
CARPATHIAN REGIONAL UNIT,2017,1,ΠΕΡΙΦΕΡΕΙΑΚΗ ΕΝΟΤΗΤΑ ΚΑΡΠΑ
REGIONAL UNIT OF KEAS - KYTHNO,2017,0,ΠΕΡΙΦΕΡΕΙΑΚΗ ΕΝΟΤΗΤΑ ΚΕΑΣ -
REGIONAL UNIT OF KO,2017,0,ΠΕΡΙΦΕΡΕΙΑΚΗ ΕΝΟΤΗΤΑ ΚΩ
APPLE REGIONAL SECTION,2017,0,ΠΕΡΙΦΕΡΕΙΑΚΗ ΕΝΟΤΗΤΑ ΜΗΛΟΥ
REGIONAL UNIT OF MYKON,2017,3,ΠΕΡΙΦΕΡΕΙΑΚΗ ΕΝΟΤΗΤΑ ΜΥΚΟΝ
NAXOS REGIONAL UNIT,2017,4,ΠΕΡΙΦΕΡΕΙΑΚΗ ΕΝΟΤΗΤΑ ΝΑΞΟΥ
PAROS REGIONAL UNIT,2017,3,ΠΕΡΙΦΕΡΕΙΑΚΗ ΕΝΟΤΗΤΑ ΠΑΡΟΥ
RHODES REGIONAL UNIT,2017,16,ΠΕΡΙΦΕΡΕΙΑΚΗ ΕΝΟΤΗΤΑ ΡΟΔΟΥ
REGIONAL UNIT OF TINOS,2017,0,ΠΕΡΙΦΕΡΕΙΑΚΗ ΕΝΟΤΗΤΑ ΤΗΝΟΥ
HERACLEIA REGIONAL UNIT,2017,19,ΠΕΡΙΦΕΡΕΙΑΚΗ ΕΝΟΤΗΤΑ ΗΡΑΚΛ
LASITHI REGIONAL UNIT,2017,7,ΠΕΡΙΦΕΡΕΙΑΚΗ ΕΝΟΤΗΤΑ ΛΑΣΙΘ
REGIONAL UNIT OF RETHYMNO,2017,7,ΠΕΡΙΦΕΡΕΙΑΚΗ ΕΝΟΤΗΤΑ ΡΕΘΥΜ
REGIONAL UNIT OF CHANIA,2017,16,ΠΕΡΙΦΕΡΕΙΑΚΗ ΕΝΟΤΗΤΑ ΧΑΝΙΩ
RODOPI REGIONAL UNIT,2018,3,ΠΕΡΙΦΕΡΕΙΑΚΗ ΕΝΟΤΗΤΑ ΡΟΔΟΠ
REGIONAL DRAMA SECTION,2018,5,ΠΕΡΙΦΕΡΕΙΑΚΗ ΕΝΟΤΗΤΑ ΔΡΑΜΑ
REGIONAL UNIT OF EVROS,2018,10,ΠΕΡΙΦΕΡΕΙΑΚΗ ΕΝΟΤΗΤΑ ΕΒΡΟΥ
THASOS REGIONAL UNIT,2018,0,ΠΕΡΙΦΕΡΕΙΑΚΗ ΕΝΟΤΗΤΑ ΘΑΣΟΥ
KAVALAS REGIONAL UNIT,2018,16,ΠΕΡΙΦΕΡΕΙΑΚΗ ΕΝΟΤΗΤΑ ΚΑΒΑΛ
XANTHI REGIONAL UNIT,2018,6,ΠΕΡΙΦΕΡΕΙΑΚΗ ΕΝΟΤΗΤΑ ΞΑΝΘΗ
REGIONAL UNIT OF THESSALONIKI,2018,36,ΠΕΡΙΦΕΡΕΙΑΚΗ ΕΝΟΤΗΤΑ ΘΕΣΣΑ
IMATHIA REGIONAL UNIT,2018,10,ΠΕΡΙΦΕΡΕΙΑΚΗ ΕΝΟΤΗΤΑ ΗΜΑΘΙ
KILKIS REGIONAL UNIT,2018,11,ΠΕΡΙΦΕΡΕΙΑΚΗ ΕΝΟΤΗΤΑ ΚΙΛΚΙ
REGIONAL UNIT OF PELLAS,2018,4,ΠΕΡΙΦΕΡΕΙΑΚΗ ΕΝΟΤΗΤΑ ΠΕΛΛΑ
PIERIA REGIONAL UNIT,2018,7,ΠΕΡΙΦΕΡΕΙΑΚΗ ΕΝΟΤΗΤΑ ΠΙΕΡΙ
REGIONAL UNIT OF SERRA,2018,16,ΠΕΡΙΦΕΡΕΙΑΚΗ ΕΝΟΤΗΤΑ ΣΕΡΡΩ
REGIONAL UNIT OF CHALKIDIKI,2018,7,ΠΕΡΙΦΕΡΕΙΑΚΗ ΕΝΟΤΗΤΑ ΧΑΛΚΙ
REGIONAL UNIT OF KOZANI,2018,9,ΠΕΡΙΦΕΡΕΙΑΚΗ ΕΝΟΤΗΤΑ ΚΟΖΑΝ
REGIONAL UNIT OF GREVENI,2018,3,ΠΕΡΙΦΕΡΕΙΑΚΗ ΕΝΟΤΗΤΑ ΓΡΕΒΕ
KASTORIA REGIONAL UNIT,2018,1,ΠΕΡΙΦΕΡΕΙΑΚΗ ΕΝΟΤΗΤΑ ΚΑΣΤΟ
REGIONAL UNIT OF FLORINA,2018,7,ΠΕΡΙΦΕΡΕΙΑΚΗ ΕΝΟΤΗΤΑ ΦΛΩΡΙ
REGIONAL UNIT OF IOANNINES,2018,8,ΠΕΡΙΦΕΡΕΙΑΚΗ ΕΝΟΤΗΤΑ ΙΩΑΝΝ
ARTAS REGIONAL UNIT,2018,8,ΠΕΡΙΦΕΡΕΙΑΚΗ ΕΝΟΤΗΤΑ ΑΡΤΑΣ
REGIONAL UNIT OF THESPROTIAS,2018,5,ΠΕΡΙΦΕΡΕΙΑΚΗ ΕΝΟΤΗΤΑ ΘΕΣΠΡ
PREVEZA REGIONAL UNIT,2018,6,ΠΕΡΙΦΕΡΕΙΑΚΗ ΕΝΟΤΗΤΑ ΠΡΕΒΕ
REGIONAL UNIT OF LARISA,2018,13,ΠΕΡΙΦΕΡΕΙΑΚΗ ΕΝΟΤΗΤΑ ΛΑΡΙΣ
REGIONAL UNIT OF KARDITSA,2018,7,ΠΕΡΙΦΕΡΕΙΑΚΗ ΕΝΟΤΗΤΑ ΚΑΡΔΙ
MAGNESIA REGIONAL UNIT,2018,3,ΠΕΡΙΦΕΡΕΙΑΚΗ ΕΝΟΤΗΤΑ ΜΑΓΝΗ
SPORADES REGIONAL UNIT,2018,1,ΠΕΡΙΦΕΡΕΙΑΚΗ ΕΝΟΤΗΤΑ ΣΠΟΡΑ
TRIKAL REGIONAL UNIT,2018,4,ΠΕΡΙΦΕΡΕΙΑΚΗ ΕΝΟΤΗΤΑ ΤΡΙΚΑ
FTIOTIDA REGIONAL UNIT,2018,22,ΠΕΡΙΦΕΡΕΙΑΚΗ ΕΝΟΤΗΤΑ ΦΘΙΩΤ
VIOTIA REGIONAL UNIT,2018,7,ΠΕΡΙΦΕΡΕΙΑΚΗ ΕΝΟΤΗΤΑ ΒΟΙΩΤ
EVIA REGIONAL UNIT,2018,19,ΠΕΡΙΦΕΡΕΙΑΚΗ ΕΝΟΤΗΤΑ ΕΥΒΟΙ
EWRITANIA REGIONAL UNIT,2018,2,ΠΕΡΙΦΕΡΕΙΑΚΗ ΕΝΟΤΗΤΑ ΕΥΡΥΤ
FOKIDA REGIONAL UNIT,2018,2,ΠΕΡΙΦΕΡΕΙΑΚΗ ΕΝΟΤΗΤΑ ΦΩΚΙΔ
REGIONAL UNIT OF CORFU,2018,3,ΠΕΡΙΦΕΡΕΙΑΚΗ ΕΝΟΤΗΤΑ ΚΕΡΚΥ
REGIONAL UNIT OF ZAKYNTHOS,2018,5,ΠΕΡΙΦΕΡΕΙΑΚΗ ΕΝΟΤΗΤΑ ΖΑΚΥΝ
ITHAKIS REGIONAL UNIT,2018,0,ΠΕΡΙΦΕΡΕΙΑΚΗ ΕΝΟΤΗΤΑ ΙΘΑΚΗ
REGIONAL UNIT OF KEFALLINA,2018,3,ΠΕΡΙΦΕΡΕΙΑΚΗ ΕΝΟΤΗΤΑ ΚΕΦΑΛ
LEFKADA REGIONAL UNIT,2018,2,ΠΕΡΙΦΕΡΕΙΑΚΗ ΕΝΟΤΗΤΑ ΛΕΥΚΑ
ACHAIA REGIONAL UNIT,2018,22,ΠΕΡΙΦΕΡΕΙΑΚΗ ΕΝΟΤΗΤΑ ΑΧΑΪΑ
REGIONAL UNIT OF ETOLOAKARNANIA,2018,22,ΠΕΡΙΦΕΡΕΙΑΚΗ ΕΝΟΤΗΤΑ ΑΙΤΩΛ
REGIONAL UNIT OF ILIA,2018,20,ΠΕΡΙΦΕΡΕΙΑΚΗ ΕΝΟΤΗΤΑ ΗΛΕΙΑ
ARCADIA REGIONAL UNIT,2018,8,ΠΕΡΙΦΕΡΕΙΑΚΗ ΕΝΟΤΗΤΑ ΑΡΚΑΔ
ARGOLIDA REGIONAL UNIT,2018,12,ΠΕΡΙΦΕΡΕΙΑΚΗ ΕΝΟΤΗΤΑ ΑΡΓΟΛ
REGIONAL UNIT OF CORINTH,2018,12,ΠΕΡΙΦΕΡΕΙΑΚΗ ΕΝΟΤΗΤΑ ΚΟΡΙΝ
LAKONIA REGIONAL UNIT,2018,13,ΠΕΡΙΦΕΡΕΙΑΚΗ ΕΝΟΤΗΤΑ ΛΑΚΩΝ
REGIONAL UNIT OF MESSINIA,2018,17,ΠΕΡΙΦΕΡΕΙΑΚΗ ΕΝΟΤΗΤΑ ΜΕΣΣΗ
REGIONAL UNIT OF THE CENTRAL AREA OF ATHENS,2018,21,ΠΕΡΙΦΕΡΕΙΑΚΗ ΕΝΟΤΗΤΑ ΚΕΝΤΡ
REGIONAL UNIT OF THE NORTHERN SECTOR OF ATHENS,2018,28,ΠΕΡΙΦΕΡΕΙΑΚΗ ΕΝΟΤΗΤΑ ΒΟΡΕΙ
REGIONAL UNIT OF WESTERN SECTOR OF ATHENS,2018,25,ΠΕΡΙΦΕΡΕΙΑΚΗ ΕΝΟΤΗΤΑ ΔΥΤΙΚ
REGIONAL SECTION OF THE SOUTHERN SECTOR OF ATHENS,2018,24,ΠΕΡΙΦΕΡΕΙΑΚΗ ΕΝΟΤΗΤΑ ΝΟΤΙΟ
REGIONAL UNIT OF EASTERN ATTICA,2018,41,ΠΕΡΙΦΕΡΕΙΑΚΗ ΕΝΟΤΗΤΑ ΑΝΑΤΟ
REGIONAL UNIT OF WEST ATTICA,2018,26,ΠΕΡΙΦΕΡΕΙΑΚΗ ΕΝΟΤΗΤΑ ΔΥΤΙΚΗΣ
PIRAEUS REGIONAL UNIT,2018,15,ΠΕΡΙΦΕΡΕΙΑΚΗ ΕΝΟΤΗΤΑ ΠΕΙΡΑ
ISLANDS REGIONAL UNIT,2018,1,ΠΕΡΙΦΕΡΕΙΑΚΗ ΕΝΟΤΗΤΑ ΝΗΣΩΝ
REGIONAL UNIT OF LESVO,2018,8,ΠΕΡΙΦΕΡΕΙΑΚΗ ΕΝΟΤΗΤΑ ΛΕΣΒΟ
LAKE REGIONAL UNIT,2018,1,ΠΕΡΙΦΕΡΕΙΑΚΗ ΕΝΟΤΗΤΑ ΛΗΜΝΟ
SAMOS REGIONAL UNIT,2018,1,ΠΕΡΙΦΕΡΕΙΑΚΗ ΕΝΟΤΗΤΑ ΣΑΜΟΥ
CHIOS REGIONAL UNIT,2018,4,ΠΕΡΙΦΕΡΕΙΑΚΗ ΕΝΟΤΗΤΑ ΧΙΟΥ
SYROS REGIONAL UNIT,2018,1,ΠΕΡΙΦΕΡΕΙΑΚΗ ΕΝΟΤΗΤΑ ΣΥΡΟΥ
ANDROS REGIONAL UNIT,2018,0,ΠΕΡΙΦΕΡΕΙΑΚΗ ΕΝΟΤΗΤΑ ΑΝΔΡΟ
THIRA REGIONAL UNIT,2018,8,ΠΕΡΙΦΕΡΕΙΑΚΗ ΕΝΟΤΗΤΑ ΘΗΡΑΣ
REGIONAL UNIT OF KALYMNOS,2018,1,ΠΕΡΙΦΕΡΕΙΑΚΗ ΕΝΟΤΗΤΑ ΚΑΛΥΜ
CARPATHIAN REGIONAL UNIT,2018,2,ΠΕΡΙΦΕΡΕΙΑΚΗ ΕΝΟΤΗΤΑ ΚΑΡΠΑ
REGIONAL UNIT OF KEAS - KYTHNO,2018,0,ΠΕΡΙΦΕΡΕΙΑΚΗ ΕΝΟΤΗΤΑ ΚΕΑΣ -
REGIONAL UNIT OF KO,2018,13,ΠΕΡΙΦΕΡΕΙΑΚΗ ΕΝΟΤΗΤΑ ΚΩ
APPLE REGIONAL SECTION,2018,3,ΠΕΡΙΦΕΡΕΙΑΚΗ ΕΝΟΤΗΤΑ ΜΗΛΟΥ
REGIONAL UNIT OF MYKON,2018,2,ΠΕΡΙΦΕΡΕΙΑΚΗ ΕΝΟΤΗΤΑ ΜΥΚΟΝ
NAXOS REGIONAL UNIT,2018,1,ΠΕΡΙΦΕΡΕΙΑΚΗ ΕΝΟΤΗΤΑ ΝΑΞΟΥ
PAROS REGIONAL UNIT,2018,2,ΠΕΡΙΦΕΡΕΙΑΚΗ ΕΝΟΤΗΤΑ ΠΑΡΟΥ
RHODES REGIONAL UNIT,2018,20,ΠΕΡΙΦΕΡΕΙΑΚΗ ΕΝΟΤΗΤΑ ΡΟΔΟΥ
REGIONAL UNIT OF TINOS,2018,2,ΠΕΡΙΦΕΡΕΙΑΚΗ ΕΝΟΤΗΤΑ ΤΗΝΟΥ
HERACLEIA REGIONAL UNIT,2018,27,ΠΕΡΙΦΕΡΕΙΑΚΗ ΕΝΟΤΗΤΑ ΗΡΑΚΛ
LASITHI REGIONAL UNIT,2018,5,ΠΕΡΙΦΕΡΕΙΑΚΗ ΕΝΟΤΗΤΑ ΛΑΣΙΘ
REGIONAL UNIT OF RETHYMNO,2018,8,ΠΕΡΙΦΕΡΕΙΑΚΗ ΕΝΟΤΗΤΑ ΡΕΘΥΜ
REGIONAL UNIT OF CHANIA,2018,13,ΠΕΡΙΦΕΡΕΙΑΚΗ ΕΝΟΤΗΤΑ ΧΑΝΙΩ
RODOPI REGIONAL UNIT,2019,11,ΠΕΡΙΦΕΡΕΙΑΚΗ ΕΝΟΤΗΤΑ ΡΟΔΟΠ
REGIONAL DRAMA SECTION,2019,4,ΠΕΡΙΦΕΡΕΙΑΚΗ ΕΝΟΤΗΤΑ ΔΡΑΜΑ
REGIONAL UNIT OF EVROS,2019,3,ΠΕΡΙΦΕΡΕΙΑΚΗ ΕΝΟΤΗΤΑ ΕΒΡΟΥ
THASOS REGIONAL UNIT,2019,1,ΠΕΡΙΦΕΡΕΙΑΚΗ ΕΝΟΤΗΤΑ ΘΑΣΟΥ
KAVALAS REGIONAL UNIT,2019,8,ΠΕΡΙΦΕΡΕΙΑΚΗ ΕΝΟΤΗΤΑ ΚΑΒΑΛ
XANTHI REGIONAL UNIT,2019,12,ΠΕΡΙΦΕΡΕΙΑΚΗ ΕΝΟΤΗΤΑ ΞΑΝΘΗ
REGIONAL UNIT OF THESSALONIKI,2019,59,ΠΕΡΙΦΕΡΕΙΑΚΗ ΕΝΟΤΗΤΑ ΘΕΣΣΑ
IMATHIA REGIONAL UNIT,2019,7,ΠΕΡΙΦΕΡΕΙΑΚΗ ΕΝΟΤΗΤΑ ΗΜΑΘΙ
KILKIS REGIONAL UNIT,2019,3,ΠΕΡΙΦΕΡΕΙΑΚΗ ΕΝΟΤΗΤΑ ΚΙΛΚΙ
REGIONAL UNIT OF PELLAS,2019,5,ΠΕΡΙΦΕΡΕΙΑΚΗ ΕΝΟΤΗΤΑ ΠΕΛΛΑ
PIERIA REGIONAL UNIT,2019,9,ΠΕΡΙΦΕΡΕΙΑΚΗ ΕΝΟΤΗΤΑ ΠΙΕΡΙ
REGIONAL UNIT OF SERRA,2019,18,ΠΕΡΙΦΕΡΕΙΑΚΗ ΕΝΟΤΗΤΑ ΣΕΡΡΩ
REGIONAL UNIT OF CHALKIDIKI,2019,9,ΠΕΡΙΦΕΡΕΙΑΚΗ ΕΝΟΤΗΤΑ ΧΑΛΚΙ
REGIONAL UNIT OF KOZANI,2019,11,ΠΕΡΙΦΕΡΕΙΑΚΗ ΕΝΟΤΗΤΑ ΚΟΖΑΝ
REGIONAL UNIT OF GREVENI,2019,0,ΠΕΡΙΦΕΡΕΙΑΚΗ ΕΝΟΤΗΤΑ ΓΡΕΒΕ
KASTORIA REGIONAL UNIT,2019,2,ΠΕΡΙΦΕΡΕΙΑΚΗ ΕΝΟΤΗΤΑ ΚΑΣΤΟ
REGIONAL UNIT OF FLORINA,2019,6,ΠΕΡΙΦΕΡΕΙΑΚΗ ΕΝΟΤΗΤΑ ΦΛΩΡΙ
REGIONAL UNIT OF IOANNINES,2019,7,ΠΕΡΙΦΕΡΕΙΑΚΗ ΕΝΟΤΗΤΑ ΙΩΑΝΝ
ARTAS REGIONAL UNIT,2019,3,ΠΕΡΙΦΕΡΕΙΑΚΗ ΕΝΟΤΗΤΑ ΑΡΤΑΣ
REGIONAL UNIT OF THESPROTIAS,2019,6,ΠΕΡΙΦΕΡΕΙΑΚΗ ΕΝΟΤΗΤΑ ΘΕΣΠΡ
PREVEZA REGIONAL UNIT,2019,6,ΠΕΡΙΦΕΡΕΙΑΚΗ ΕΝΟΤΗΤΑ ΠΡΕΒΕ
REGIONAL UNIT OF LARISA,2019,14,ΠΕΡΙΦΕΡΕΙΑΚΗ ΕΝΟΤΗΤΑ ΛΑΡΙΣ
REGIONAL UNIT OF KARDITSA,2019,14,ΠΕΡΙΦΕΡΕΙΑΚΗ ΕΝΟΤΗΤΑ ΚΑΡΔΙ
MAGNESIA REGIONAL UNIT,2019,7,ΠΕΡΙΦΕΡΕΙΑΚΗ ΕΝΟΤΗΤΑ ΜΑΓΝΗ
SPORADES REGIONAL UNIT,2019,3,ΠΕΡΙΦΕΡΕΙΑΚΗ ΕΝΟΤΗΤΑ ΣΠΟΡΑ
TRIKAL REGIONAL UNIT,2019,4,ΠΕΡΙΦΕΡΕΙΑΚΗ ΕΝΟΤΗΤΑ ΤΡΙΚΑ
FTIOTIDA REGIONAL UNIT,2019,10,ΠΕΡΙΦΕΡΕΙΑΚΗ ΕΝΟΤΗΤΑ ΦΘΙΩΤ
VIOTIA REGIONAL UNIT,2019,10,ΠΕΡΙΦΕΡΕΙΑΚΗ ΕΝΟΤΗΤΑ ΒΟΙΩΤ
EVIA REGIONAL UNIT,2019,20,ΠΕΡΙΦΕΡΕΙΑΚΗ ΕΝΟΤΗΤΑ ΕΥΒΟΙ
EWRITANIA REGIONAL UNIT,2019,2,ΠΕΡΙΦΕΡΕΙΑΚΗ ΕΝΟΤΗΤΑ ΕΥΡΥΤ
FOKIDA REGIONAL UNIT,2019,2,ΠΕΡΙΦΕΡΕΙΑΚΗ ΕΝΟΤΗΤΑ ΦΩΚΙΔ
REGIONAL UNIT OF CORFU,2019,8,ΠΕΡΙΦΕΡΕΙΑΚΗ ΕΝΟΤΗΤΑ ΚΕΡΚΥ
REGIONAL UNIT OF ZAKYNTHOS,2019,7,ΠΕΡΙΦΕΡΕΙΑΚΗ ΕΝΟΤΗΤΑ ΖΑΚΥΝ
ITHAKIS REGIONAL UNIT,2019,0,ΠΕΡΙΦΕΡΕΙΑΚΗ ΕΝΟΤΗΤΑ ΙΘΑΚΗ
REGIONAL UNIT OF KEFALLINA,2019,1,ΠΕΡΙΦΕΡΕΙΑΚΗ ΕΝΟΤΗΤΑ ΚΕΦΑΛ
LEFKADA REGIONAL UNIT,2019,0,ΠΕΡΙΦΕΡΕΙΑΚΗ ΕΝΟΤΗΤΑ ΛΕΥΚΑ
ACHAIA REGIONAL UNIT,2019,23,ΠΕΡΙΦΕΡΕΙΑΚΗ ΕΝΟΤΗΤΑ ΑΧΑΪΑ
REGIONAL UNIT OF ETOLOAKARNANIA,2019,20,ΠΕΡΙΦΕΡΕΙΑΚΗ ΕΝΟΤΗΤΑ ΑΙΤΩΛ
REGIONAL UNIT OF ILIA,2019,15,ΠΕΡΙΦΕΡΕΙΑΚΗ ΕΝΟΤΗΤΑ ΗΛΕΙΑ
ARCADIA REGIONAL UNIT,2019,9,ΠΕΡΙΦΕΡΕΙΑΚΗ ΕΝΟΤΗΤΑ ΑΡΚΑΔ
ARGOLIDA REGIONAL UNIT,2019,17,ΠΕΡΙΦΕΡΕΙΑΚΗ ΕΝΟΤΗΤΑ ΑΡΓΟΛ
REGIONAL UNIT OF CORINTH,2019,13,ΠΕΡΙΦΕΡΕΙΑΚΗ ΕΝΟΤΗΤΑ ΚΟΡΙΝ
LAKONIA REGIONAL UNIT,2019,8,ΠΕΡΙΦΕΡΕΙΑΚΗ ΕΝΟΤΗΤΑ ΛΑΚΩΝ
REGIONAL UNIT OF MESSINIA,2019,14,ΠΕΡΙΦΕΡΕΙΑΚΗ ΕΝΟΤΗΤΑ ΜΕΣΣΗ
REGIONAL UNIT OF THE CENTRAL AREA OF ATHENS,2019,23,ΠΕΡΙΦΕΡΕΙΑΚΗ ΕΝΟΤΗΤΑ ΚΕΝΤΡ
REGIONAL UNIT OF THE NORTHERN SECTOR OF ATHENS,2019,21,ΠΕΡΙΦΕΡΕΙΑΚΗ ΕΝΟΤΗΤΑ ΒΟΡΕΙ
REGIONAL UNIT OF WESTERN SECTOR OF ATHENS,2019,17,ΠΕΡΙΦΕΡΕΙΑΚΗ ΕΝΟΤΗΤΑ ΔΥΤΙΚ
REGIONAL SECTION OF THE SOUTHERN SECTOR OF ATHENS,2019,27,ΠΕΡΙΦΕΡΕΙΑΚΗ ΕΝΟΤΗΤΑ ΝΟΤΙΟ
REGIONAL UNIT OF EASTERN ATTICA,2019,54,ΠΕΡΙΦΕΡΕΙΑΚΗ ΕΝΟΤΗΤΑ ΑΝΑΤΟ
REGIONAL UNIT OF WEST ATTICA,2019,9,ΠΕΡΙΦΕΡΕΙΑΚΗ ΕΝΟΤΗΤΑ ΔΥΤΙΚΗΣ
PIRAEUS REGIONAL UNIT,2019,16,ΠΕΡΙΦΕΡΕΙΑΚΗ ΕΝΟΤΗΤΑ ΠΕΙΡΑ
ISLANDS REGIONAL UNIT,2019,2,ΠΕΡΙΦΕΡΕΙΑΚΗ ΕΝΟΤΗΤΑ ΝΗΣΩΝ
REGIONAL UNIT OF LESVO,2019,8,ΠΕΡΙΦΕΡΕΙΑΚΗ ΕΝΟΤΗΤΑ ΛΕΣΒΟ
REGIONAL UNIT OF IKARIA,2019,2,ΠΕΡΙΦΕΡΕΙΑΚΗ ΕΝΟΤΗΤΑ ΙΚΑΡΙ
LAKE REGIONAL UNIT,2019,0,ΠΕΡΙΦΕΡΕΙΑΚΗ ΕΝΟΤΗΤΑ ΛΗΜΝΟ
SAMOS REGIONAL UNIT,2019,0,ΠΕΡΙΦΕΡΕΙΑΚΗ ΕΝΟΤΗΤΑ ΣΑΜΟΥ
CHIOS REGIONAL UNIT,2019,10,ΠΕΡΙΦΕΡΕΙΑΚΗ ΕΝΟΤΗΤΑ ΧΙΟΥ
SYROS REGIONAL UNIT,2019,0,ΠΕΡΙΦΕΡΕΙΑΚΗ ΕΝΟΤΗΤΑ ΣΥΡΟΥ
ANDROS REGIONAL UNIT,2019,1,ΠΕΡΙΦΕΡΕΙΑΚΗ ΕΝΟΤΗΤΑ ΑΝΔΡΟ
THIRA REGIONAL UNIT,2019,4,ΠΕΡΙΦΕΡΕΙΑΚΗ ΕΝΟΤΗΤΑ ΘΗΡΑΣ
REGIONAL UNIT OF KALYMNOS,2019,4,ΠΕΡΙΦΕΡΕΙΑΚΗ ΕΝΟΤΗΤΑ ΚΑΛΥΜ
CARPATHIAN REGIONAL UNIT,2019,1,ΠΕΡΙΦΕΡΕΙΑΚΗ ΕΝΟΤΗΤΑ ΚΑΡΠΑ
REGIONAL UNIT OF KO,2019,9,ΠΕΡΙΦΕΡΕΙΑΚΗ ΕΝΟΤΗΤΑ ΚΩ
APPLE REGIONAL SECTION,2019,0,ΠΕΡΙΦΕΡΕΙΑΚΗ ΕΝΟΤΗΤΑ ΜΗΛΟΥ
REGIONAL UNIT OF MYKON,2019,4,ΠΕΡΙΦΕΡΕΙΑΚΗ ΕΝΟΤΗΤΑ ΜΥΚΟΝ
NAXOS REGIONAL UNIT,2019,0,ΠΕΡΙΦΕΡΕΙΑΚΗ ΕΝΟΤΗΤΑ ΝΑΞΟΥ
PAROS REGIONAL UNIT,2019,2,ΠΕΡΙΦΕΡΕΙΑΚΗ ΕΝΟΤΗΤΑ ΠΑΡΟΥ
RHODES REGIONAL UNIT,2019,13,ΠΕΡΙΦΕΡΕΙΑΚΗ ΕΝΟΤΗΤΑ ΡΟΔΟΥ
REGIONAL UNIT OF TINOS,2019,1,ΠΕΡΙΦΕΡΕΙΑΚΗ ΕΝΟΤΗΤΑ ΤΗΝΟΥ
HERACLEIA REGIONAL UNIT,2019,22,ΠΕΡΙΦΕΡΕΙΑΚΗ ΕΝΟΤΗΤΑ ΗΡΑΚΛ
LASITHI REGIONAL UNIT,2019,5,ΠΕΡΙΦΕΡΕΙΑΚΗ ΕΝΟΤΗΤΑ ΛΑΣΙΘ
REGIONAL UNIT OF RETHYMNO,2019,3,ΠΕΡΙΦΕΡΕΙΑΚΗ ΕΝΟΤΗΤΑ ΡΕΘΥΜ
REGIONAL UNIT OF CHANIA,2019,19,ΠΕΡΙΦΕΡΕΙΑΚΗ ΕΝΟΤΗΤΑ ΧΑΝΙΩ
RODOPI REGIONAL UNIT,2021,8,ΠΕΡΙΦΕΡΕΙΑΚΗ ΕΝΟΤΗΤΑ ΡΟΔΟΠ
REGIONAL DRAMA SECTION,2021,3,ΠΕΡΙΦΕΡΕΙΑΚΗ ΕΝΟΤΗΤΑ ΔΡΑΜΑ
REGIONAL UNIT OF EVROS,2021,2,ΠΕΡΙΦΕΡΕΙΑΚΗ ΕΝΟΤΗΤΑ ΕΒΡΟΥ
THASOS REGIONAL UNIT,2021,0,ΠΕΡΙΦΕΡΕΙΑΚΗ ΕΝΟΤΗΤΑ ΘΑΣΟΥ
KAVALAS REGIONAL UNIT,2021,14,ΠΕΡΙΦΕΡΕΙΑΚΗ ΕΝΟΤΗΤΑ ΚΑΒΑΛ
XANTHI REGIONAL UNIT,2021,4,ΠΕΡΙΦΕΡΕΙΑΚΗ ΕΝΟΤΗΤΑ ΞΑΝΘΗ
REGIONAL UNIT OF THESSALONIKI,2021,39,ΠΕΡΙΦΕΡΕΙΑΚΗ ΕΝΟΤΗΤΑ ΘΕΣΣΑ
IMATHIA REGIONAL UNIT,2021,7,ΠΕΡΙΦΕΡΕΙΑΚΗ ΕΝΟΤΗΤΑ ΗΜΑΘΙ
KILKIS REGIONAL UNIT,2021,8,ΠΕΡΙΦΕΡΕΙΑΚΗ ΕΝΟΤΗΤΑ ΚΙΛΚΙ
REGIONAL UNIT OF PELLAS,2021,4,ΠΕΡΙΦΕΡΕΙΑΚΗ ΕΝΟΤΗΤΑ ΠΕΛΛΑ
PIERIA REGIONAL UNIT,2021,2,ΠΕΡΙΦΕΡΕΙΑΚΗ ΕΝΟΤΗΤΑ ΠΙΕΡΙ
REGIONAL UNIT OF SERRA,2021,10,ΠΕΡΙΦΕΡΕΙΑΚΗ ΕΝΟΤΗΤΑ ΣΕΡΡΩ
REGIONAL UNIT OF CHALKIDIKI,2021,8,ΠΕΡΙΦΕΡΕΙΑΚΗ ΕΝΟΤΗΤΑ ΧΑΛΚΙ
REGIONAL UNIT OF KOZANI,2021,7,ΠΕΡΙΦΕΡΕΙΑΚΗ ΕΝΟΤΗΤΑ ΚΟΖΑΝ
REGIONAL UNIT OF GREVENI,2021,0,ΠΕΡΙΦΕΡΕΙΑΚΗ ΕΝΟΤΗΤΑ ΓΡΕΒΕ
KASTORIA REGIONAL UNIT,2021,5,ΠΕΡΙΦΕΡΕΙΑΚΗ ΕΝΟΤΗΤΑ ΚΑΣΤΟ
REGIONAL UNIT OF FLORINA,2021,4,ΠΕΡΙΦΕΡΕΙΑΚΗ ΕΝΟΤΗΤΑ ΦΛΩΡΙ
REGIONAL UNIT OF IOANNINES,2021,5,ΠΕΡΙΦΕΡΕΙΑΚΗ ΕΝΟΤΗΤΑ ΙΩΑΝΝ
ARTAS REGIONAL UNIT,2021,4,ΠΕΡΙΦΕΡΕΙΑΚΗ ΕΝΟΤΗΤΑ ΑΡΤΑΣ
REGIONAL UNIT OF THESPROTIAS,2021,5,ΠΕΡΙΦΕΡΕΙΑΚΗ ΕΝΟΤΗΤΑ ΘΕΣΠΡ
PREVEZA REGIONAL UNIT,2021,6,ΠΕΡΙΦΕΡΕΙΑΚΗ ΕΝΟΤΗΤΑ ΠΡΕΒΕ
REGIONAL UNIT OF LARISA,2021,14,ΠΕΡΙΦΕΡΕΙΑΚΗ ΕΝΟΤΗΤΑ ΛΑΡΙΣ
REGIONAL UNIT OF KARDITSA,2021,7,ΠΕΡΙΦΕΡΕΙΑΚΗ ΕΝΟΤΗΤΑ ΚΑΡΔΙ
MAGNESIA REGIONAL UNIT,2021,12,ΠΕΡΙΦΕΡΕΙΑΚΗ ΕΝΟΤΗΤΑ ΜΑΓΝΗ
SPORADES REGIONAL UNIT,2021,0,ΠΕΡΙΦΕΡΕΙΑΚΗ ΕΝΟΤΗΤΑ ΣΠΟΡΑ
TRIKAL REGIONAL UNIT,2021,5,ΠΕΡΙΦΕΡΕΙΑΚΗ ΕΝΟΤΗΤΑ ΤΡΙΚΑ
FTIOTIDA REGIONAL UNIT,2021,17,ΠΕΡΙΦΕΡΕΙΑΚΗ ΕΝΟΤΗΤΑ ΦΘΙΩΤ
VIOTIA REGIONAL UNIT,2021,11,ΠΕΡΙΦΕΡΕΙΑΚΗ ΕΝΟΤΗΤΑ ΒΟΙΩΤ
EVIA REGIONAL UNIT,2021,18,ΠΕΡΙΦΕΡΕΙΑΚΗ ΕΝΟΤΗΤΑ ΕΥΒΟΙ
EWRITANIA REGIONAL UNIT,2021,0,ΠΕΡΙΦΕΡΕΙΑΚΗ ΕΝΟΤΗΤΑ ΕΥΡΥΤ
FOKIDA REGIONAL UNIT,2021,3,ΠΕΡΙΦΕΡΕΙΑΚΗ ΕΝΟΤΗΤΑ ΦΩΚΙΔ
REGIONAL UNIT OF CORFU,2021,4,ΠΕΡΙΦΕΡΕΙΑΚΗ ΕΝΟΤΗΤΑ ΚΕΡΚΥ
REGIONAL UNIT OF ZAKYNTHOS,2021,3,ΠΕΡΙΦΕΡΕΙΑΚΗ ΕΝΟΤΗΤΑ ΖΑΚΥΝ
REGIONAL UNIT OF KEFALLINA,2021,4,ΠΕΡΙΦΕΡΕΙΑΚΗ ΕΝΟΤΗΤΑ ΚΕΦΑΛ
LEFKADA REGIONAL UNIT,2021,4,ΠΕΡΙΦΕΡΕΙΑΚΗ ΕΝΟΤΗΤΑ ΛΕΥΚΑ
ACHAIA REGIONAL UNIT,2021,15,ΠΕΡΙΦΕΡΕΙΑΚΗ ΕΝΟΤΗΤΑ ΑΧΑΪΑ
REGIONAL UNIT OF ETOLOAKARNANIA,2021,10,ΠΕΡΙΦΕΡΕΙΑΚΗ ΕΝΟΤΗΤΑ ΑΙΤΩΛ
REGIONAL UNIT OF ILIA,2021,14,ΠΕΡΙΦΕΡΕΙΑΚΗ ΕΝΟΤΗΤΑ ΗΛΕΙΑ
ARCADIA REGIONAL UNIT,2021,7,ΠΕΡΙΦΕΡΕΙΑΚΗ ΕΝΟΤΗΤΑ ΑΡΚΑΔ
ARGOLIDA REGIONAL UNIT,2021,10,ΠΕΡΙΦΕΡΕΙΑΚΗ ΕΝΟΤΗΤΑ ΑΡΓΟΛ
REGIONAL UNIT OF CORINTH,2021,18,ΠΕΡΙΦΕΡΕΙΑΚΗ ΕΝΟΤΗΤΑ ΚΟΡΙΝ
LAKONIA REGIONAL UNIT,2021,12,ΠΕΡΙΦΕΡΕΙΑΚΗ ΕΝΟΤΗΤΑ ΛΑΚΩΝ
REGIONAL UNIT OF MESSINIA,2021,17,ΠΕΡΙΦΕΡΕΙΑΚΗ ΕΝΟΤΗΤΑ ΜΕΣΣΗ
REGIONAL UNIT OF THE CENTRAL AREA OF ATHENS,2021,30,ΠΕΡΙΦΕΡΕΙΑΚΗ ΕΝΟΤΗΤΑ ΚΕΝΤΡ
REGIONAL UNIT OF THE NORTHERN SECTOR OF ATHENS,2021,23,ΠΕΡΙΦΕΡΕΙΑΚΗ ΕΝΟΤΗΤΑ ΒΟΡΕΙ
REGIONAL UNIT OF WESTERN SECTOR OF ATHENS,2021,22,ΠΕΡΙΦΕΡΕΙΑΚΗ ΕΝΟΤΗΤΑ ΔΥΤΙΚ
REGIONAL SECTION OF THE SOUTHERN SECTOR OF ATHENS,2021,20,ΠΕΡΙΦΕΡΕΙΑΚΗ ΕΝΟΤΗΤΑ ΝΟΤΙΟ
REGIONAL UNIT OF EASTERN ATTICA,2021,50,ΠΕΡΙΦΕΡΕΙΑΚΗ ΕΝΟΤΗΤΑ ΑΝΑΤΟ
REGIONAL UNIT OF WEST ATTICA,2021,15,ΠΕΡΙΦΕΡΕΙΑΚΗ ΕΝΟΤΗΤΑ ΔΥΤΙΚΗΣ
PIRAEUS REGIONAL UNIT,2021,23,ΠΕΡΙΦΕΡΕΙΑΚΗ ΕΝΟΤΗΤΑ ΠΕΙΡΑ
ISLANDS REGIONAL UNIT,2021,1,ΠΕΡΙΦΕΡΕΙΑΚΗ ΕΝΟΤΗΤΑ ΝΗΣΩΝ
REGIONAL UNIT OF LESVO,2021,7,ΠΕΡΙΦΕΡΕΙΑΚΗ ΕΝΟΤΗΤΑ ΛΕΣΒΟ
REGIONAL UNIT OF IKARIA,2021,1,ΠΕΡΙΦΕΡΕΙΑΚΗ ΕΝΟΤΗΤΑ ΙΚΑΡΙ
LAKE REGIONAL UNIT,2021,1,ΠΕΡΙΦΕΡΕΙΑΚΗ ΕΝΟΤΗΤΑ ΛΗΜΝΟ
SAMOS REGIONAL UNIT,2021,1,ΠΕΡΙΦΕΡΕΙΑΚΗ ΕΝΟΤΗΤΑ ΣΑΜΟΥ
CHIOS REGIONAL UNIT,2021,3,ΠΕΡΙΦΕΡΕΙΑΚΗ ΕΝΟΤΗΤΑ ΧΙΟΥ
SYROS REGIONAL UNIT,2021,1,ΠΕΡΙΦΕΡΕΙΑΚΗ ΕΝΟΤΗΤΑ ΣΥΡΟΥ
ANDROS REGIONAL UNIT,2021,0,ΠΕΡΙΦΕΡΕΙΑΚΗ ΕΝΟΤΗΤΑ ΑΝΔΡΟ
THIRA REGIONAL UNIT,2021,7,ΠΕΡΙΦΕΡΕΙΑΚΗ ΕΝΟΤΗΤΑ ΘΗΡΑΣ
REGIONAL UNIT OF KALYMNOS,2021,1,ΠΕΡΙΦΕΡΕΙΑΚΗ ΕΝΟΤΗΤΑ ΚΑΛΥΜ
CARPATHIAN REGIONAL UNIT,2021,2,ΠΕΡΙΦΕΡΕΙΑΚΗ ΕΝΟΤΗΤΑ ΚΑΡΠΑ
REGIONAL UNIT OF KEAS - KYTHNO,2021,1,ΠΕΡΙΦΕΡΕΙΑΚΗ ΕΝΟΤΗΤΑ ΚΕΑΣ -
REGIONAL UNIT OF KO,2021,1,ΠΕΡΙΦΕΡΕΙΑΚΗ ΕΝΟΤΗΤΑ ΚΩ
APPLE REGIONAL SECTION,2021,0,ΠΕΡΙΦΕΡΕΙΑΚΗ ΕΝΟΤΗΤΑ ΜΗΛΟΥ
REGIONAL UNIT OF MYKON,2021,2,ΠΕΡΙΦΕΡΕΙΑΚΗ ΕΝΟΤΗΤΑ ΜΥΚΟΝ
NAXOS REGIONAL UNIT,2021,2,ΠΕΡΙΦΕΡΕΙΑΚΗ ΕΝΟΤΗΤΑ ΝΑΞΟΥ
PAROS REGIONAL UNIT,2021,4,ΠΕΡΙΦΕΡΕΙΑΚΗ ΕΝΟΤΗΤΑ ΠΑΡΟΥ
RHODES REGIONAL UNIT,2021,14,ΠΕΡΙΦΕΡΕΙΑΚΗ ΕΝΟΤΗΤΑ ΡΟΔΟΥ
REGIONAL UNIT OF TINOS,2021,1,ΠΕΡΙΦΕΡΕΙΑΚΗ ΕΝΟΤΗΤΑ ΤΗΝΟΥ
HERACLEIA REGIONAL UNIT,2021,12,ΠΕΡΙΦΕΡΕΙΑΚΗ ΕΝΟΤΗΤΑ ΗΡΑΚΛ
LASITHI REGIONAL UNIT,2021,9,ΠΕΡΙΦΕΡΕΙΑΚΗ ΕΝΟΤΗΤΑ ΛΑΣΙΘ
REGIONAL UNIT OF RETHYMNO,2021,6,ΠΕΡΙΦΕΡΕΙΑΚΗ ΕΝΟΤΗΤΑ ΡΕΘΥΜ
REGIONAL UNIT OF CHANIA,2021,14,ΠΕΡΙΦΕΡΕΙΑΚΗ ΕΝΟΤΗΤΑ ΧΑΝΙΩ
AGIOS OROS (Municipality),2022,0,ΑΓΙΟ ΟΡΟΣ
AGIOS OROS (Municipality),2019,0,ΑΓΙΟ ΟΡΟΣ
AGIOS OROS (Municipality),2016,0,ΑΓΙΟ ΟΡΟΣ
AGIOS OROS (Municipality),2018,0,ΑΓΙΟ ΟΡΟΣ
AGIOS OROS (Municipality),2017,0,ΑΓΙΟ ΟΡΟΣ
AGIOS OROS (Municipality),2020,0,ΑΓΙΟ ΟΡΟΣ
AGIOS OROS (Municipality),2021,0,ΑΓΙΟ ΟΡΟΣ
